id,first_name,last_name,email,gender,dob
1,Vittorio,Bockmann,vbockmann0@howstuffworks.com,Male,6/2/1969
2,Brig,Lamblot,blamblot1@fc2.com,Male,2/24/1990
3,Whitney,Sprigging,wsprigging2@booking.com,Female,7/27/2005
4,Aluino,Scriver,ascriver3@infoseek.co.jp,Male,9/6/1969
5,Loretta,Sanford,lsanford4@goodreads.com,Female,9/12/1993
6,Phillida,Gallanders,pgallanders5@shutterfly.com,Female,4/2/1974
7,Tomaso,Vedyasov,tvedyasov6@myspace.com,Male,9/4/1978
8,Jordon,Alleyne,jalleyne7@sohu.com,Male,6/5/1985
9,Sallee,Stonhewer,sstonhewer8@miibeian.gov.cn,Female,6/21/1996
10,Fawnia,Bodega,fbodega9@globo.com,Female,5/17/2001
11,Con,Fairnie,cfairniea@spiegel.de,Female,9/25/1970
12,Gabi,Bowser,gbowserb@nifty.com,Female,8/2/1975
13,Benedetto,Burchett,bburchettc@nps.gov,Male,6/20/2008
14,Meagan,Tomalin,mtomalind@privacy.gov.au,Female,6/19/1972
15,Lily,Dabner,ldabnere@smh.com.au,Female,9/3/2001
16,Robinett,Whitefoot,rwhitefootf@ox.ac.uk,Female,3/3/1984
17,Philly,Blindmann,pblindmanng@sfgate.com,Female,6/5/1996
18,Tine,Whitloe,twhitloeh@facebook.com,Female,6/5/2010
19,Joelynn,Bloxam,jbloxami@redcross.org,Female,6/26/1999
20,Jeralee,Wey,jweyj@independent.co.uk,Female,7/18/1972
21,Moina,Ivetts,mivettsk@acquirethisname.com,Female,6/24/2000
22,Pail,Tomasi,ptomasil@exblog.jp,Male,5/8/2008
23,Wallis,Eskrigge,weskriggem@opensource.org,Male,1/22/1981
24,Marshall,Camidge,mcamidgen@samsung.com,Male,12/23/1989
25,Dominique,Wavell,dwavello@exblog.jp,Male,6/23/1973
26,Letizia,Buxsy,lbuxsyp@salon.com,Female,7/5/1994
27,Lazarus,Brangan,lbranganq@admin.ch,Male,9/2/1992
28,Nikolas,Sharvell,nsharvellr@behance.net,Male,1/8/1968
29,Lissie,Sibbering,lsibberings@epa.gov,Female,3/21/1976
30,Vikki,Camm,vcammt@stanford.edu,Female,7/29/2004
31,Justine,Tuerena,jtuerenau@bloglines.com,Female,5/16/1985
32,Raviv,Passie,rpassiev@chron.com,Male,8/1/1971
33,Lorin,Churcher,lchurcherw@ed.gov,Male,1/10/2010
34,Reeba,Brabbs,rbrabbsx@vinaora.com,Female,4/8/1969
35,Trever,Ivashin,tivashiny@ft.com,Male,9/1/1967
36,Davis,Hayes,dhayesz@tamu.edu,Male,8/21/1968
37,Conrad,Ventris,cventris10@ehow.com,Male,11/3/1979
38,Krisha,Igglesden,kigglesden11@auda.org.au,Male,9/15/1974
39,Carmelia,Whartonby,cwhartonby12@creativecommons.org,Female,9/4/2001
40,Gavan,Belliveau,gbelliveau13@businesswire.com,Male,8/24/1986
41,Raymond,Shafto,rshafto14@topsy.com,Male,11/26/1994
42,Kennett,Forgie,kforgie15@bbb.org,Male,3/26/1995
43,Karlene,Fearnill,kfearnill16@java.com,Female,9/23/1986
44,Dario,Joriot,djoriot17@ihg.com,Male,6/29/1976
45,Aurelie,Wissbey,awissbey18@cnet.com,Female,2/1/1983
46,Bil,Rouff,brouff19@go.com,Male,3/24/1967
47,Massimo,Dod,mdod1a@ebay.com,Male,10/28/1992
48,Merrie,Shallo,mshallo1b@prweb.com,Female,11/23/2004
49,Charlot,Breydin,cbreydin1c@nba.com,Female,4/5/2000
50,Shanan,Blaxall,sblaxall1d@sun.com,Male,7/1/2004
51,Willard,Coupe,wcoupe1e@jimdo.com,Male,4/23/1977
52,Edie,Agostini,eagostini1f@nydailynews.com,Female,12/1/2007
53,Rowland,Staynes,rstaynes1g@sbwire.com,Male,12/10/1988
54,Miof mela,Hann,mhann1h@blog.com,Female,6/15/1980
55,Tabina,Macourek,tmacourek1i@zimbio.com,Female,4/22/1995
56,Chiarra,Dashper,cdashper1j@cmu.edu,Female,12/2/1980
57,Brynna,Montford,bmontford1k@mysql.com,Female,11/26/1991
58,Kip,Hallan,khallan1l@forbes.com,Male,5/19/1979
59,Babette,Pill,bpill1m@nps.gov,Female,2/5/1974
60,Cherilynn,Banbrook,cbanbrook1n@t.co,Female,11/4/2002
61,Otho,Gudgion,ogudgion1o@acquirethisname.com,Male,6/16/1981
62,Kassia,Bassford,kbassford1p@usda.gov,Female,4/29/2010
63,Jessica,Witcomb,jwitcomb1q@amazon.de,Female,8/16/2008
64,Olivier,Kincla,okincla1r@360.cn,Male,4/6/1995
65,Tomasina,Heinz,theinz1s@qq.com,Female,2/24/2005
66,Sigismundo,Munt,smunt1t@liveinternet.ru,Male,8/18/2006
67,Deck,Hinsch,dhinsch1u@unblog.fr,Male,10/16/1985
68,Jervis,Withey,jwithey1v@tumblr.com,Male,4/4/2008
69,Shel,Glazer,sglazer1w@ed.gov,Female,2/10/1978
70,Dela,Dumbreck,ddumbreck1x@indiatimes.com,Female,5/18/2000
71,Lianna,Swanson,lswanson1y@multiply.com,Female,5/18/1976
72,Ferdinande,Well,fwell1z@sina.com.cn,Female,2/1/2006
73,Herbert,Gooch,hgooch20@freewebs.com,Male,4/3/1983
74,Armand,Glandfield,aglandfield21@statcounter.com,Male,9/15/2001
75,Shauna,Hinzer,shinzer22@google.co.uk,Female,5/7/1995
76,Marchelle,McGenis,mmcgenis23@vkontakte.ru,Female,3/2/2005
77,Jeanna,Wayland,jwayland24@zimbio.com,Female,8/1/1972
78,Noland,Broad,nbroad25@nih.gov,Male,4/4/2006
79,Wandie,Torrijos,wtorrijos26@alibaba.com,Female,4/14/1980
80,Rey,Ugolotti,rugolotti27@mac.com,Male,8/14/1974
81,Dewey,McDowall,dmcdowall28@indiegogo.com,Male,2/24/1974
82,Fedora,Shillaber,fshillaber29@cnn.com,Female,9/15/2007
83,Del,Cosgrove,dcosgrove2a@sun.com,Female,3/2/1977
84,Celestine,Kohter,ckohter2b@51.la,Female,9/20/2007
85,Aldo,Lind,alind2c@pen.io,Male,5/28/1970
86,Colan,Pachmann,cpachmann2d@blog.com,Male,9/23/2002
87,Bryanty,Ragbourn,bragbourn2e@amazon.co.jp,Male,3/14/1971
88,Aldin,Thackeray,athackeray2f@prnewswire.com,Male,1/20/2007
89,Salmon,Davydochkin,sdavydochkin2g@narod.ru,Male,7/18/1977
90,Isidor,Webben,iwebben2h@zimbio.com,Male,12/10/1974
91,Margarethe,Goodier,mgoodier2i@miitbeian.gov.cn,Female,5/27/1998
92,Easter,Saffe,esaffe2j@godaddy.com,Female,8/9/1971
93,Shandra,Jaime,sjaime2k@wired.com,Female,9/13/1983
94,Robyn,Wimpeney,rwimpeney2l@behance.net,Female,8/18/1997
95,Marjy,Revitt,mrevitt2m@photobucket.com,Female,10/20/2005
96,Micheil,Tessier,mtessier2n@1688.com,Male,11/9/2000
97,Gwenette,Doumerque,gdoumerque2o@walmart.com,Female,4/11/1982
98,Virgie,Wansbury,vwansbury2p@independent.co.uk,Male,8/25/1973
99,Kiel,Venart,kvenart2q@angelfire.com,Male,8/23/1999
100,Thaine,Winskill,twinskill2r@samsung.com,Male,11/23/2001
101,Gamaliel,Abthorpe,gabthorpe2s@mit.edu,Male,2/26/1989
102,Joaquin,Brightwell,jbrightwell2t@chron.com,Male,5/1/1981
103,Edd,Orme,eorme2u@wufoo.com,Male,12/9/1978
104,Yasmin,Coppins,ycoppins2v@reddit.com,Female,11/15/1995
105,Von,Stripp,vstripp2w@miibeian.gov.cn,Male,9/18/1975
106,Lucina,Kinnane,lkinnane2x@altervista.org,Female,9/6/1984
107,Rena,Galliard,rgalliard2y@arstechnica.com,Female,6/1/1974
108,Henrieta,Salzburger,hsalzburger2z@blinklist.com,Female,3/29/1993
109,Peter,Honacker,phonacker30@nymag.com,Male,6/3/1986
110,Alphonse,Mulhall,amulhall31@ycombinator.com,Male,1/9/1973
111,Rahal,Dmitrovic,rdmitrovic32@sourceforge.net,Female,11/12/2010
112,Josh,Dewing,jdewing33@friendfeed.com,Male,6/23/1979
113,Kaleena,Gladdolph,kgladdolph34@com.com,Female,2/24/1968
114,Terrance,Pargiter,tpargiter35@hao123.com,Male,11/24/1995
115,North,Martyns,nmartyns36@studiopress.com,Male,4/15/2000
116,Rickey,Surgenor,rsurgenor37@uol.com.br,Male,9/27/1985
117,Laureen,Hartridge,lhartridge38@ustream.tv,Female,8/4/1992
118,Nora,Ivashov,nivashov39@ftc.gov,Female,4/1/1983
119,Dorie,Kirrage,dkirrage3a@aol.com,Male,8/26/1997
120,Jozef,Caston,jcaston3b@smugmug.com,Male,12/22/1995
121,Antonio,Harome,aharome3c@wiley.com,Male,4/15/1986
122,Byran,Bratten,bbratten3d@prlog.org,Male,5/22/1987
123,Bernadina,Harradine,bharradine3e@amazon.de,Female,10/2/2000
124,Patty,Keirle,pkeirle3f@ask.com,Male,4/18/1987
125,Ignazio,De Micoli,idemicoli3g@zdnet.com,Male,6/28/1970
126,Kristos,Chelnam,kchelnam3h@weather.com,Male,1/2/1979
127,Lemmie,Thornborrow,lthornborrow3i@unicef.org,Male,8/1/2007
128,Charin,Leate,cleate3j@slate.com,Female,6/6/1991
129,Norman,Circuit,ncircuit3k@oracle.com,Male,10/24/1970
130,Stevy,Day,sday3l@gravatar.com,Male,9/17/1974
131,Giovanni,Signorelli,gsignorelli3m@comcast.net,Male,6/22/2009
132,Izaak,Malimoe,imalimoe3n@cbc.ca,Male,2/26/1969
133,Sarajane,Fewless,sfewless3o@vkontakte.ru,Female,9/9/1997
134,Rosemarie,Goldingay,rgoldingay3p@cmu.edu,Female,1/31/1977
135,Chadd,Rivilis,crivilis3q@godaddy.com,Male,11/7/1978
136,Nessie,Flury,nflury3r@toplist.cz,Female,9/15/1990
137,Ivory,Esslemont,iesslemont3s@xing.com,Female,2/11/1985
138,Fabien,Brachell,fbrachell3t@1und1.de,Male,10/15/1968
139,Gerhardt,Philpott,gphilpott3u@tinypic.com,Male,4/4/2002
140,Jany,Kenningham,jkenningham3v@so-net.ne.jp,Female,7/14/2009
141,Ivie,Purnell,ipurnell3w@who.int,Female,2/12/1969
142,Welby,Jandac,wjandac3x@gizmodo.com,Male,5/19/1975
143,Jephthah,Ballantine,jballantine3y@cmu.edu,Male,9/7/1986
144,Caesar,Britcher,cbritcher3z@miitbeian.gov.cn,Male,2/11/1988
145,Florida,Skett,fskett40@indiatimes.com,Female,12/22/1993
146,Keven,Dowse,kdowse41@oakley.com,Male,3/13/1978
147,Marquita,Langran,mlangran42@bigcartel.com,Female,12/12/1972
148,Reggi,Wroughton,rwroughton43@ustream.tv,Female,12/17/2000
149,Ramsay,Rowley,rrowley44@toplist.cz,Male,9/3/1977
150,Dita,Wye,dwye45@bandcamp.com,Female,2/21/2005
151,Symon,Jorin,sjorin46@ameblo.jp,Male,1/30/1988
152,Ivette,Weyland,iweyland47@discuz.net,Female,12/23/1976
153,Maddy,Brosoli,mbrosoli48@fc2.com,Female,9/29/1987
154,Kendre,Glasheen,kglasheen49@rediff.com,Female,5/20/1985
155,Reube,Colaco,rcolaco4a@mashable.com,Male,9/19/2004
156,Jerald,Goodbanne,jgoodbanne4b@reddit.com,Male,9/27/2009
157,Korey,Ledward,kledward4c@desdev.cn,Male,5/5/1993
158,Kristopher,Muffett,kmuffett4d@dyndns.org,Male,1/13/1993
159,Antoine,Newart,anewart4e@google.de,Male,1/6/1977
160,Kynthia,Glavin,kglavin4f@cyberchimps.com,Female,5/9/1969
161,Tom,Morcom,tmorcom4g@tumblr.com,Male,9/2/1970
162,Renard,Tettley,rtettley4h@zdnet.com,Male,2/16/1980
163,Murdoch,Prise,mprise4i@oracle.com,Male,12/22/1969
164,Bertram,Pattini,bpattini4j@goo.gl,Male,5/16/1981
165,Hansiain,Blackmuir,hblackmuir4k@vkontakte.ru,Male,8/19/1995
166,Bambie,McKelloch,bmckelloch4l@oracle.com,Female,1/22/1970
167,Baryram,O'Coskerry,bocoskerry4m@telegraph.co.uk,Male,9/20/1986
168,Gretal,Priest,gpriest4n@who.int,Female,1/27/2009
169,Marjie,Estcourt,mestcourt4o@github.io,Female,1/10/1991
170,Robinet,Kacheller,rkacheller4p@icio.us,Male,5/10/1972
171,Bryanty,Matejovsky,bmatejovsky4q@ibm.com,Male,3/13/1984
172,Gustave,Vanyatin,gvanyatin4r@tinypic.com,Male,4/30/1998
173,Jamesy,Tarquinio,jtarquinio4s@hud.gov,Male,8/12/1997
174,Sloane,Varley,svarley4t@163.com,Male,8/26/1973
175,Claudianus,MacBrearty,cmacbrearty4u@spiegel.de,Male,11/26/2002
176,Baird,Perulli,bperulli4v@mail.ru,Male,1/15/1982
177,Afton,Gallihaulk,agallihaulk4w@cafepress.com,Female,4/3/1975
178,Tomaso,Matveichev,tmatveichev4x@google.co.uk,Male,6/27/1990
179,Stanley,Isacoff,sisacoff4y@github.com,Male,4/16/2000
180,Gaelan,Senter,gsenter4z@eepurl.com,Male,2/25/1984
181,Chrysler,Kilban,ckilban50@bizjournals.com,Female,8/27/1973
182,Siouxie,Crompton,scrompton51@barnesandnoble.com,Female,12/11/2005
183,Vernice,Cahn,vcahn52@hubpages.com,Female,1/9/1992
184,Amalea,Shevill,ashevill53@imgur.com,Female,12/13/1978
185,Ashlan,McCorkell,amccorkell54@msn.com,Female,10/20/1985
186,Daffy,Waycot,dwaycot55@tmall.com,Female,2/21/1992
187,Douglas,Playfair,dplayfair56@liveinternet.ru,Male,12/18/1973
188,Natala,Marven,nmarven57@yolasite.com,Female,11/19/1971
189,Sayers,Aird,saird58@reuters.com,Male,10/14/1996
190,Lyndsey,Astle,lastle59@independent.co.uk,Female,8/14/2004
191,Minnie,Andrzejak,mandrzejak5a@msu.edu,Female,11/23/1967
192,Dory,McGahern,dmcgahern5b@bloglines.com,Male,3/28/1991
193,Perl,Amoore,pamoore5c@posterous.com,Female,6/11/2003
194,Brucie,Eite,beite5d@elpais.com,Male,2/22/2005
195,Filmer,Bailess,fbailess5e@com.com,Male,3/24/2001
196,Gleda,Junkin,gjunkin5f@eventbrite.com,Female,9/3/1986
197,Cassandry,d'Arcy,cdarcy5g@vkontakte.ru,Female,6/28/1971
198,Vickie,Kike,vkike5h@wired.com,Female,12/1/2002
199,Anna-diana,Radbourne,aradbourne5i@example.com,Female,6/5/2002
200,Tobi,Yukhnevich,tyukhnevich5j@163.com,Female,1/7/1972
201,Leonelle,Huddles,lhuddles5k@twitter.com,Female,1/6/1979
202,Myrle,Frood,mfrood5l@engadget.com,Female,1/5/2006
203,Tanhya,Snowsill,tsnowsill5m@blog.com,Female,11/26/2005
204,Jo,Jacklin,jjacklin5n@blogs.com,Male,10/12/1977
205,Julianne,Lebreton,jlebreton5o@joomla.org,Female,3/13/1970
206,Callida,Kerby,ckerby5p@upenn.edu,Female,2/14/1993
207,Steffi,Alchin,salchin5q@newyorker.com,Female,5/20/1992
208,Gibbie,Openshaw,gopenshaw5r@sina.com.cn,Male,10/24/1991
209,Isak,Tison,itison5s@redcross.org,Male,1/26/1987
210,Pebrook,Hubbocks,phubbocks5t@oracle.com,Male,4/13/2000
211,Birgit,Maberley,bmaberley5u@boston.com,Female,10/29/1978
212,Renee,Bisgrove,rbisgrove5v@slate.com,Female,8/17/1974
213,Dannel,Navein,dnavein5w@macromedia.com,Male,12/20/2005
214,Kaile,Wolledge,kwolledge5x@theguardian.com,Female,8/9/1973
215,Theresina,Philbin,tphilbin5y@miibeian.gov.cn,Female,7/21/1982
216,Bing,Pee,bpee5z@purevolume.com,Male,3/17/2000
217,Odo,Humpherson,ohumpherson60@sun.com,Male,1/25/1976
218,Rochell,Buddle,rbuddle61@w3.org,Female,3/13/1990
219,Neall,Metcalf,nmetcalf62@ifeng.com,Male,1/3/1996
220,Mallorie,Kirgan,mkirgan63@spotify.com,Female,8/7/1980
221,Silvan,Cahalan,scahalan64@acquirethisname.com,Male,1/13/1984
222,Raffaello,Brownell,rbrownell65@godaddy.com,Male,7/19/2003
223,Leandra,Devonport,ldevonport66@vk.com,Female,1/15/1982
224,Eric,Diack,ediack67@sourceforge.net,Male,1/20/1985
225,Gina,Golsworthy,ggolsworthy68@blog.com,Female,2/25/1973
226,Austen,Mendez,amendez69@time.com,Male,6/21/2001
227,Nellie,Danzig,ndanzig6a@redcross.org,Female,11/27/1988
228,Elita,Rabier,erabier6b@usgs.gov,Female,8/26/1980
229,Clerkclaude,Shills,cshills6c@samsung.com,Male,12/18/2001
230,Gregor,Gratten,ggratten6d@arizona.edu,Male,2/27/2006
231,Taber,Veal,tveal6e@stumbleupon.com,Male,11/4/1992
232,Misty,Kitson,mkitson6f@amazon.co.jp,Female,6/9/1990
233,Vittoria,Moncreif,vmoncreif6g@hao123.com,Female,4/2/2003
234,Shurlocke,Fulle,sfulle6h@nifty.com,Male,11/13/2006
235,Becca,Peyzer,bpeyzer6i@uiuc.edu,Female,2/23/1975
236,Ursala,Sarney,usarney6j@unc.edu,Female,9/15/1969
237,Godard,Vassman,gvassman6k@forbes.com,Male,8/6/2006
238,Berk,Brabben,bbrabben6l@4shared.com,Male,10/13/1981
239,Elsi,Brettoner,ebrettoner6m@macromedia.com,Female,5/11/1984
240,Oona,Trenbay,otrenbay6n@lycos.com,Female,4/12/1988
241,Abbe,Forson,aforson6o@smugmug.com,Female,3/7/1980
242,Emlynn,Hourahan,ehourahan6p@ibm.com,Female,10/9/1987
243,Angelina,Snead,asnead6q@joomla.org,Female,8/23/1989
244,Reggie,Crippill,rcrippill6r@upenn.edu,Female,5/3/2002
245,Farlee,Caygill,fcaygill6s@delicious.com,Male,5/19/1975
246,Jackson,Roizn,jroizn6t@ning.com,Male,4/6/1972
247,George,Bevar,gbevar6u@cdc.gov,Male,9/8/2003
248,Analise,Iglesia,aiglesia6v@webmd.com,Female,9/30/1981
249,Uriah,Blaker,ublaker6w@ehow.com,Male,3/21/1985
250,Dosi,Heining,dheining6x@pinterest.com,Female,7/5/1974
251,Bartel,Matten,bmatten6y@aboutads.info,Male,3/20/1984
252,Heidi,Bennike,hbennike6z@zimbio.com,Female,7/8/1998
253,Adriaens,Gowlett,agowlett70@prnewswire.com,Female,4/24/1998
254,Herschel,Bubbings,hbubbings71@aol.com,Male,2/10/1991
255,Freddie,Drewery,fdrewery72@google.co.uk,Male,12/14/2005
256,Garwin,Errigo,gerrigo73@opensource.org,Male,3/11/1998
257,Winslow,Bidewell,wbidewell74@fastcompany.com,Male,11/27/1999
258,Dorie,Zannotti,dzannotti75@homestead.com,Male,8/29/1978
259,Cherry,Kenningley,ckenningley76@theglobeandmail.com,Female,5/7/1967
260,Riccardo,Waslin,rwaslin77@mapy.cz,Male,6/20/2008
261,Jesus,Kunzel,jkunzel78@netvibes.com,Male,3/9/1992
262,Adelind,Kuhle,akuhle79@reddit.com,Female,10/23/1989
263,Leeann,Boulsher,lboulsher7a@loc.gov,Female,7/7/1994
264,Bertha,Lyptratt,blyptratt7b@census.gov,Female,11/28/1970
265,Cecilla,Blaxill,cblaxill7c@sina.com.cn,Female,11/17/1972
266,Aldric,Oxlee,aoxlee7d@discuz.net,Male,8/12/1973
267,Isabella,Kitchingman,ikitchingman7e@dagondesign.com,Female,11/14/1977
268,Gare,Brittian,gbrittian7f@sciencedaily.com,Male,3/15/2003
269,Karoly,Van der Velden,kvandervelden7g@nymag.com,Male,3/5/1991
270,Brewster,Shave,bshave7h@google.es,Male,1/9/1976
271,Nancie,Ganderton,nganderton7i@google.com,Female,2/14/1984
272,Bjorn,Burdett,bburdett7j@bizjournals.com,Male,6/30/2008
273,Myrtia,Pace,mpace7k@nationalgeographic.com,Female,5/17/1983
274,Ki,Soitoux,ksoitoux7l@google.com.au,Female,2/14/1998
275,Rosalynd,Occleshaw,roccleshaw7m@ted.com,Female,6/1/1975
276,Modestine,Denziloe,mdenziloe7n@discovery.com,Female,6/17/1984
277,Deina,Tull,dtull7o@trellian.com,Female,9/4/1985
278,Brandice,Labin,blabin7p@mysql.com,Female,10/7/1970
279,Jaquelyn,Lewsley,jlewsley7q@phoca.cz,Female,6/22/2004
280,Lorrayne,Maciak,lmaciak7r@rakuten.co.jp,Female,10/16/2006
281,Elton,Freestone,efreestone7s@marketwatch.com,Male,4/30/2003
282,Tanney,Bagby,tbagby7t@posterous.com,Male,4/21/1989
283,Roderigo,Thompson,rthompson7u@mtv.com,Male,2/12/1984
284,Melicent,Chaff,mchaff7v@prlog.org,Female,8/30/1990
285,Nana,Brownill,nbrownill7w@de.vu,Female,10/17/1990
286,Seamus,Vaughten,svaughten7x@mayoclinic.com,Male,1/26/2009
287,Frederica,Cafferky,fcafferky7y@walmart.com,Female,8/28/1986
288,Web,Petters,wpetters7z@prlog.org,Male,8/27/2010
289,Worth,Sparshett,wsparshett80@elpais.com,Male,4/10/1993
290,Curr,Clipson,cclipson81@exblog.jp,Male,6/6/1986
291,Gaspar,Alven,galven82@mapy.cz,Male,1/10/1968
292,Morton,Firbank,mfirbank83@shutterfly.com,Male,12/3/1992
293,Archer,Fish,afish84@google.it,Male,3/9/1970
294,Wade,Clissett,wclissett85@desdev.cn,Male,1/26/1993
295,Edlin,Kira,ekira86@jimdo.com,Male,12/16/1977
296,Hort,Busher,hbusher87@flavors.me,Male,4/25/1972
297,Kellen,Weir,kweir88@microsoft.com,Male,12/15/1998
298,Gaynor,Goolden,ggoolden89@networkadvertising.org,Female,12/11/1967
299,Esta,Wallas,ewallas8a@home.pl,Female,1/28/2003
300,Cindie,Battrum,cbattrum8b@hugedomains.com,Female,12/5/2010
301,Allard,Dimmick,adimmick8c@mashable.com,Male,2/23/1981
302,Carolyne,Mueller,cmueller8d@google.fr,Female,9/1/1994
303,Elyse,Seilmann,eseilmann8e@businessweek.com,Female,7/31/1977
304,Wanda,Mouser,wmouser8f@cam.ac.uk,Female,4/14/2010
305,Willabella,Robillard,wrobillard8g@tiny.cc,Female,10/3/1980
306,Dyanna,Jaszczak,djaszczak8h@dedecms.com,Female,10/6/2009
307,Hillary,Oxbrough,hoxbrough8i@imageshack.us,Female,1/19/1986
308,Doyle,Medmore,dmedmore8j@gravatar.com,Male,7/16/1978
309,Vin,Giovannelli,vgiovannelli8k@zimbio.com,Male,5/3/1974
310,Glendon,Withey,gwithey8l@facebook.com,Male,10/10/2001
311,Briggs,Bessell,bbessell8m@wikispaces.com,Male,3/17/2008
312,Kelly,Nutten,knutten8n@nhs.uk,Male,7/6/1970
313,Giavani,Currum,gcurrum8o@blogger.com,Male,1/23/1967
314,Mary,Giorgetti,mgiorgetti8p@edublogs.org,Female,1/1/1971
315,Tamera,Futcher,tfutcher8q@360.cn,Female,5/14/2007
316,Britta,Cristofari,bcristofari8r@furl.net,Female,8/17/1990
317,Cesya,McGeechan,cmcgeechan8s@ifeng.com,Female,5/28/1972
318,Stacee,Swalwel,sswalwel8t@answers.com,Female,6/8/1998
319,Brew,Damper,bdamper8u@samsung.com,Male,3/19/2009
320,Elwyn,Trustie,etrustie8v@goo.gl,Male,6/19/1973
321,Elinore,Tambling,etambling8w@amazon.co.uk,Female,11/15/1998
322,Stanwood,Dodle,sdodle8x@cloudflare.com,Male,1/10/1972
323,Errick,Kyneton,ekyneton8y@adobe.com,Male,2/13/1986
324,Adella,Joe,ajoe8z@wix.com,Female,8/15/1975
325,Dino,Cundict,dcundict90@dedecms.com,Male,12/28/1977
326,Cicily,Regler,cregler91@google.nl,Female,8/29/1970
327,Zackariah,Eales,zeales92@t.co,Male,12/16/1996
328,Wandie,Knowller,wknowller93@cornell.edu,Female,8/11/2000
329,Orren,Dunks,odunks94@theguardian.com,Male,2/5/1996
330,Ailbert,Broune,abroune95@g.co,Male,11/8/1981
331,Windham,Callam,wcallam96@mtv.com,Male,12/4/1988
332,Karna,Meekin,kmeekin97@simplemachines.org,Female,2/5/2006
333,Jakob,McBayne,jmcbayne98@godaddy.com,Male,7/21/1999
334,Beverlie,Knowlman,bknowlman99@mozilla.com,Female,2/26/1988
335,Loralee,Blackmuir,lblackmuir9a@furl.net,Female,7/13/1995
336,Wilfrid,Urwin,wurwin9b@livejournal.com,Male,8/15/1998
337,Winthrop,Farman,wfarman9c@devhub.com,Male,7/17/1984
338,Noelyn,Ledgister,nledgister9d@epa.gov,Female,4/13/1975
339,Federico,Morcombe,fmorcombe9e@cbc.ca,Male,3/19/2008
340,Pepi,Oaker,poaker9f@bloglovin.com,Female,6/25/2007
341,Vonny,Faithfull,vfaithfull9g@furl.net,Female,3/29/1992
342,Marshal,Collopy,mcollopy9h@scientificamerican.com,Male,3/21/2002
343,Shanon,Brokenbrow,sbrokenbrow9i@google.co.uk,Female,4/19/1984
344,Angus,Crossgrove,acrossgrove9j@goo.ne.jp,Male,5/8/1988
345,Moritz,MacWilliam,mmacwilliam9k@dot.gov,Male,6/29/1981
346,Dorice,Woolger,dwoolger9l@ezinearticles.com,Female,7/12/1990
347,Rochette,Burchett,rburchett9m@tripadvisor.com,Female,1/4/1971
348,Zebulon,Raigatt,zraigatt9n@harvard.edu,Male,5/28/1996
349,Dene,Sackes,dsackes9o@printfriendly.com,Male,11/26/1988
350,Sharline,Ivanishchev,sivanishchev9p@prnewswire.com,Female,2/13/2007
351,Gram,Josefer,gjosefer9q@google.com.au,Male,1/26/1988
352,Kenton,Greensmith,kgreensmith9r@uol.com.br,Male,4/28/1978
353,Bryce,Haversham,bhaversham9s@go.com,Male,10/22/1981
354,Welch,Attewill,wattewill9t@youtube.com,Male,12/14/1995
355,Ricardo,Poyle,rpoyle9u@deviantart.com,Male,5/3/1984
356,Bryn,Mooreed,bmooreed9v@live.com,Male,4/8/1970
357,Carlee,Rayworth,crayworth9w@about.com,Female,8/1/2008
358,Anton,De Dei,adedei9x@uol.com.br,Male,1/3/1978
359,Larry,Robun,lrobun9y@bloglines.com,Male,6/7/1998
360,Parrnell,Oury,poury9z@tinypic.com,Male,10/13/1998
361,Spence,O'Hannigan,sohannigana0@mashable.com,Male,2/18/1970
362,Ezmeralda,Euesden,eeuesdena1@yale.edu,Female,11/7/1990
363,Rutledge,Fedorchenko,rfedorchenkoa2@xinhuanet.com,Male,5/2/1991
364,Lotty,Kirkpatrick,lkirkpatricka3@w3.org,Female,5/2/1969
365,Floyd,Mc Dermid,fmcdermida4@cmu.edu,Male,12/27/1989
366,Pieter,Valentin,pvalentina5@canalblog.com,Male,7/8/1994
367,Griselda,Gruszka,ggruszkaa6@t.co,Female,7/8/1982
368,Jard,Acory,jacorya7@tripod.com,Male,9/12/1998
369,Verla,Desantis,vdesantisa8@dmoz.org,Female,10/5/1996
370,Albert,Scripps,ascrippsa9@bandcamp.com,Male,7/19/1967
371,Orland,Langmuir,olangmuiraa@hubpages.com,Male,1/4/1985
372,Don,Theodore,dtheodoreab@meetup.com,Male,1/6/1993
373,Evvy,Crilley,ecrilleyac@youku.com,Female,10/5/1979
374,Georgianna,Burberry,gburberryad@163.com,Female,7/29/1981
375,Adoree,Crangle,acrangleae@symantec.com,Female,4/23/2006
376,Joseph,Lowin,jlowinaf@guardian.co.uk,Male,8/22/2010
377,Erl,Torrecilla,etorrecillaag@parallels.com,Male,11/15/1979
378,Lea,Habbal,lhabbalah@archive.org,Female,4/4/1985
379,Fletcher,Hillett,fhillettai@weibo.com,Male,10/1/1993
380,Byrom,Hadwin,bhadwinaj@canalblog.com,Male,3/28/1996
381,Tabbi,Foan,tfoanak@cnn.com,Female,7/17/1990
382,Amelita,Kennerknecht,akennerknechtal@myspace.com,Female,5/29/1992
383,Borden,Foukx,bfoukxam@google.pl,Male,9/25/2000
384,Carver,Colmer,ccolmeran@ustream.tv,Male,3/15/1969
385,Breena,McCafferky,bmccafferkyao@spiegel.de,Female,5/5/1987
386,Gilemette,Stainton,gstaintonap@webnode.com,Female,12/30/2002
387,Elianora,Mulmuray,emulmurayaq@indiatimes.com,Female,1/19/1971
388,Archambault,Schubart,aschubartar@marketwatch.com,Male,5/19/1977
389,Barbi,Clynmans,bclynmansas@huffingtonpost.com,Female,11/23/1987
390,Jess,Venditto,jvendittoat@bravesites.com,Male,6/17/1973
391,Sherline,Dashkovich,sdashkovichau@scribd.com,Female,2/17/1994
392,Alfie,Danshin,adanshinav@tumblr.com,Male,12/9/1994
393,Germain,Turvey,gturveyaw@phoca.cz,Female,5/9/1990
394,Lyell,Benz,lbenzax@google.de,Male,10/10/1986
395,Raddy,Rodbourne,rrodbourneay@networkadvertising.org,Male,5/7/2000
396,Eliza,Pedroli,epedroliaz@hubpages.com,Female,7/9/1978
397,Ardella,MacAdam,amacadamb0@businessinsider.com,Female,8/5/1980
398,Cathyleen,Pott,cpottb1@edublogs.org,Female,9/2/2001
399,Herold,Ritzman,hritzmanb2@blogtalkradio.com,Male,1/19/1997
400,Desdemona,Loud,dloudb3@icio.us,Female,11/29/1998
401,Mirilla,Everson,meversonb4@newyorker.com,Female,5/9/1973
402,Barnaby,Claiden,bclaidenb5@live.com,Male,11/3/2003
403,Wakefield,Hellwing,whellwingb6@spotify.com,Male,9/23/2006
404,Cazzie,Weller,cwellerb7@spiegel.de,Male,3/18/2006
405,Araldo,Heymes,aheymesb8@goo.ne.jp,Male,8/16/1989
406,Bartolomeo,Ert,bertb9@census.gov,Male,1/23/1988
407,Ceciley,Hullin,chullinba@sun.com,Female,5/23/1998
408,Atlanta,Layne,alaynebb@mysql.com,Female,3/29/1978
409,Naomi,Barense,nbarensebc@digg.com,Female,7/29/2006
410,Derrick,Hucke,dhuckebd@github.com,Male,10/12/1990
411,Sutton,Bridgement,sbridgementbe@forbes.com,Male,3/17/1991
412,Gabbie,Banham,gbanhambf@ask.com,Female,6/5/1976
413,Rickie,Kynastone,rkynastonebg@merriam-webster.com,Male,2/18/2004
414,Jessie,Knight,jknightbh@people.com.cn,Female,10/2/1967
415,Arleta,Gatman,agatmanbi@histats.com,Female,7/10/1992
416,Griselda,Leahey,gleaheybj@spotify.com,Female,4/24/1990
417,Lita,Bengtsen,lbengtsenbk@bloglovin.com,Female,8/18/1992
418,Shayla,Got,sgotbl@newsvine.com,Female,7/6/1987
419,Sutton,Ghelarducci,sghelarduccibm@sciencedaily.com,Male,6/1/1975
420,Crystal,Byrth,cbyrthbn@loc.gov,Female,9/26/1975
421,Zebedee,Shackel,zshackelbo@chronoengine.com,Male,1/29/1970
422,Obadiah,Humerstone,ohumerstonebp@bluehost.com,Male,4/6/2004
423,Alvy,Blunn,ablunnbq@google.es,Male,11/16/2006
424,Pammi,Tithecote,ptithecotebr@loc.gov,Female,7/16/1991
425,Jerry,Lay,jlaybs@wunderground.com,Female,1/6/2001
426,Winni,Hayley,whayleybt@linkedin.com,Female,3/18/1981
427,Cullan,Labrone,clabronebu@boston.com,Male,6/10/1970
428,Cristobal,Bourthoumieux,cbourthoumieuxbv@cnn.com,Male,8/3/2001
429,Jackquelin,Wigelsworth,jwigelsworthbw@oaic.gov.au,Female,9/1/2006
430,Kacy,Fontaine,kfontainebx@odnoklassniki.ru,Female,5/6/2000
431,Alphonso,MacMeeking,amacmeekingby@phoca.cz,Male,10/1/2002
432,Myca,Dessant,mdessantbz@friendfeed.com,Male,4/8/1983
433,Francesco,Eadmeades,feadmeadesc0@cam.ac.uk,Male,2/9/2002
434,Kylynn,Casterot,kcasterotc1@about.me,Female,6/25/1992
435,Cherilyn,Christophersen,cchristophersenc2@linkedin.com,Female,8/12/2003
436,Kent,Waadenburg,kwaadenburgc3@auda.org.au,Male,8/6/1974
437,Patrica,Rosenshine,prosenshinec4@shutterfly.com,Female,9/2/1986
438,Kort,Abramino,kabraminoc5@chronoengine.com,Male,8/12/2007
439,Uta,Hadcroft,uhadcroftc6@ocn.ne.jp,Female,2/16/1999
440,Kassia,Carah,kcarahc7@ucoz.com,Female,11/30/1994
441,Adeline,Belsham,abelshamc8@un.org,Female,12/7/1982
442,Iggy,Ossulton,iossultonc9@scribd.com,Male,5/20/1997
443,Priscilla,Isacsson,pisacssonca@miitbeian.gov.cn,Female,5/3/1997
444,Miller,Dyne,mdynecb@illinois.edu,Male,8/30/2004
445,Dana,Krammer,dkrammercc@tiny.cc,Female,9/12/1990
446,Dion,Wettern,dwetterncd@forbes.com,Female,8/31/2008
447,Piggy,Blazhevich,pblazhevichce@canalblog.com,Male,1/29/1984
448,Diann,Chritchlow,dchritchlowcf@tripod.com,Female,9/15/1987
449,Reggie,Cantrill,rcantrillcg@wikimedia.org,Female,10/21/1967
450,Barbey,Fine,bfinech@xinhuanet.com,Female,8/13/1985
451,Marlena,Lean,mleanci@newsvine.com,Female,9/15/1968
452,Jim,Aizlewood,jaizlewoodcj@netlog.com,Male,5/1/1985
453,Oswell,Fellibrand,ofellibrandck@ycombinator.com,Male,10/1/1995
454,Marlie,Stilliard,mstilliardcl@ibm.com,Female,12/16/1991
455,Leanora,Loche,llochecm@cargocollective.com,Female,2/28/1985
456,Corrina,MattiCCI,cmatticcicn@facebook.com,Female,1/11/1984
457,Giselle,Roskell,groskellco@amazon.com,Female,1/3/1998
458,Tommy,Faley,tfaleycp@wikia.com,Male,6/21/2003
459,Bartholomew,Faley,bfaleycq@taobao.com,Male,8/1/2002
460,Carlin,Kirrage,ckirragecr@europa.eu,Male,4/12/1988
461,Rennie,Andreolli,randreollics@skyrock.com,Female,5/29/1967
462,Sada,Mousby,smousbyct@imgur.com,Female,12/13/1993
463,Corbet,Gowman,cgowmancu@wunderground.com,Male,4/27/1986
464,Crosby,Whitwood,cwhitwoodcv@naver.com,Male,9/28/2006
465,Stesha,McLuckie,smcluckiecw@pbs.org,Female,3/22/1994
466,Ludovico,McShea,lmcsheacx@lycos.com,Male,8/30/1982
467,Ivan,Dinan,idinancy@purevolume.com,Male,12/15/1997
468,Liza,Allright,lallrightcz@sphinn.com,Female,12/4/2003
469,Annaliese,Vowden,avowdend0@nationalgeographic.com,Female,6/10/1984
470,Buckie,Sholl,bsholld1@histats.com,Male,8/23/2009
471,Daisi,Philippard,dphilippardd2@goo.ne.jp,Female,11/2/1974
472,Russell,Ovesen,rovesend3@shinystat.com,Male,2/18/1976
473,Viola,De Maine,vdemained4@google.com,Female,8/20/1998
474,Thornton,Cheer,tcheerd5@miibeian.gov.cn,Male,7/26/2002
475,Howard,Willoughey,hwillougheyd6@nationalgeographic.com,Male,12/16/2005
476,Barton,Faireclough,bfairecloughd7@a8.net,Male,3/18/1981
477,Hilary,Salliss,hsallissd8@dailymail.co.uk,Male,11/5/1989
478,Hank,Millis,hmillisd9@mashable.com,Male,10/24/2010
479,Gilli,Itzkovitch,gitzkovitchda@bravesites.com,Female,4/6/1997
480,Maddie,Bingall,mbingalldb@github.com,Male,4/30/2006
481,Florette,Newstead,fnewsteaddc@fda.gov,Female,5/2/2005
482,Lucila,Crinkley,lcrinkleydd@senate.gov,Female,1/22/1993
483,Tate,Corthes,tcorthesde@addtoany.com,Male,6/4/2005
484,Jedediah,Ginni,jginnidf@bloglines.com,Male,2/1/1992
485,Burlie,Heasley,bheasleydg@elegantthemes.com,Male,2/14/2007
486,Heall,Fedorchenko,hfedorchenkodh@skyrock.com,Male,9/6/1969
487,Ernesta,Swadlen,eswadlendi@usgs.gov,Female,11/10/1995
488,Kare,Matei,kmateidj@oracle.com,Female,4/14/1981
489,Van,Oganesian,voganesiandk@scribd.com,Male,7/1/2009
490,Gery,Grimmer,ggrimmerdl@cmu.edu,Male,2/2/1989
491,Sterne,De Roeck,sderoeckdm@naver.com,Male,2/19/1998
492,Jacky,Ayliff,jayliffdn@indiegogo.com,Male,7/25/1973
493,Rochella,Lovick,rlovickdo@vinaora.com,Female,10/23/2006
494,Milka,Braybrooke,mbraybrookedp@si.edu,Female,11/16/2009
495,Edy,Jennings,ejenningsdq@netvibes.com,Female,10/13/1982
496,Nataline,Vala,nvaladr@shareasale.com,Female,9/28/1987
497,Amil,Hodgin,ahodginds@jugem.jp,Female,4/4/2008
498,Carey,Sibbert,csibbertdt@unicef.org,Male,12/1/2008
499,Elisabet,Matterson,emattersondu@usatoday.com,Female,12/24/1982
500,Chet,Disley,cdisleydv@pinterest.com,Male,2/24/1988
501,Janela,Ingerfield,jingerfielddw@amazon.co.uk,Female,7/25/2008
502,Ralph,Orwin,rorwindx@pen.io,Male,8/11/1982
503,Chen,Wheeler,cwheelerdy@uiuc.edu,Male,4/4/1981
504,Niall,Vedenisov,nvedenisovdz@java.com,Male,12/11/1982
505,Torin,Grunnill,tgrunnille0@uol.com.br,Male,1/25/2006
506,Granger,Goburn,ggoburne1@europa.eu,Male,7/22/1996
507,Janifer,Matuszynski,jmatuszynskie2@behance.net,Female,10/23/2006
508,Jamil,Plumb,jplumbe3@deviantart.com,Male,5/6/1989
509,Catherin,Kleinlerer,ckleinlerere4@yahoo.co.jp,Female,7/15/2002
510,Georgie,Tethcote,gtethcotee5@adobe.com,Male,1/20/1976
511,Dominica,Baalham,dbaalhame6@nasa.gov,Female,4/10/1993
512,Shandie,Elles,sellese7@usda.gov,Female,6/20/2005
513,Fowler,Breit,fbreite8@rediff.com,Male,6/1/1983
514,Shaine,Quartley,squartleye9@mysql.com,Male,7/19/1974
515,Fielding,Jeanneau,fjeanneauea@macromedia.com,Male,4/3/1991
516,Evan,Goldhill,egoldhilleb@sakura.ne.jp,Male,1/19/2000
517,Dannye,Mansion,dmansionec@hao123.com,Female,7/17/1974
518,Guillema,Elcy,gelcyed@businessinsider.com,Female,4/18/1982
519,Pail,Zimmer,pzimmeree@feedburner.com,Male,4/14/1970
520,Ameline,Bottomore,abottomoreef@ed.gov,Female,8/15/2010
521,Rochell,Scyone,rscyoneeg@smh.com.au,Female,8/8/1990
522,Aurlie,Brazener,abrazenereh@blogger.com,Female,10/23/2009
523,Doug,Bridgestock,dbridgestockei@google.it,Male,9/30/1998
524,Baxter,Biggen,bbiggenej@goo.ne.jp,Male,5/2/1967
525,Ilysa,Bullene,ibulleneek@cargocollective.com,Female,1/23/1996
526,Town,Feakins,tfeakinsel@stumbleupon.com,Male,6/2/1980
527,Margarita,Coppo,mcoppoem@irs.gov,Female,6/23/1999
528,Kipp,Farrington,kfarringtonen@answers.com,Female,11/25/2005
529,Maxwell,Ionesco,mionescoeo@gizmodo.com,Male,1/4/1983
530,Gan,Tomaszewicz,gtomaszewiczep@ifeng.com,Male,3/21/1977
531,Roberta,Deam,rdeameq@imgur.com,Female,12/23/2003
532,Merrel,Stratten,mstrattener@ycombinator.com,Male,11/23/1996
533,Caria,Basillon,cbasillones@mayoclinic.com,Female,1/26/1985
534,Eugenius,Dreier,edreieret@domainmarket.com,Male,7/13/1993
535,Luelle,Ferie,lferieeu@soup.io,Female,9/4/1980
536,Ronnie,Claige,rclaigeev@sphinn.com,Male,6/9/2009
537,Dion,Emmerson,demmersonew@blogtalkradio.com,Female,5/27/1985
538,Zonnya,Goodlet,zgoodletex@google.fr,Female,11/13/1977
539,Henryetta,Rayworth,hrayworthey@google.es,Female,6/28/1969
540,Emmy,Vasiljevic,evasiljevicez@accuweather.com,Male,9/22/1969
541,Gabriel,Elcocks,gelcocksf0@microsoft.com,Male,10/20/1980
542,Bailie,Kuscha,bkuschaf1@youtu.be,Male,1/20/1997
543,Leslie,Clarke,lclarkef2@answers.com,Female,12/11/1981
544,Lonny,Fearnyough,lfearnyoughf3@123-reg.co.uk,Male,8/17/1984
545,Kaile,Rought,kroughtf4@aol.com,Female,7/10/1997
546,Maurizio,Gaize,mgaizef5@intel.com,Male,4/28/2004
547,Pippa,Clougher,pclougherf6@squarespace.com,Female,7/26/1976
548,Constantina,Haggus,chaggusf7@livejournal.com,Female,5/7/1987
549,Robinett,Maslen,rmaslenf8@posterous.com,Female,5/15/1986
550,Maryl,Le Provost,mleprovostf9@chron.com,Female,6/15/2005
551,Inge,Clinnick,iclinnickfa@chron.com,Female,3/6/1983
552,Gertruda,Duplock,gduplockfb@google.co.uk,Female,6/1/1991
553,Claudell,Jauncey,cjaunceyfc@fema.gov,Male,10/29/1986
554,Dedra,Readitt,dreadittfd@nsw.gov.au,Female,5/12/1987
555,Trina,Joffe,tjoffefe@stanford.edu,Female,6/10/1980
556,Ettore,Edinborough,eedinboroughff@cyberchimps.com,Male,4/20/1983
557,Brodie,Whiting,bwhitingfg@statcounter.com,Male,3/3/2009
558,Amelie,Eckart,aeckartfh@vinaora.com,Female,6/13/1993
559,Ibby,Northcott,inorthcottfi@dropbox.com,Female,9/4/1981
560,Dennet,Vowdon,dvowdonfj@google.nl,Male,6/11/1984
561,Abbot,Simonds,asimondsfk@ebay.co.uk,Male,3/24/1985
562,Edouard,Domeny,edomenyfl@joomla.org,Male,9/18/1977
563,Octavia,Helkin,ohelkinfm@soup.io,Female,6/13/2002
564,Berky,Yepiskov,byepiskovfn@bloglovin.com,Male,11/28/1990
565,Prudi,O'Rourke,porourkefo@de.vu,Female,11/1/2004
566,Dare,Tedorenko,dtedorenkofp@drupal.org,Male,4/27/2005
567,Ludovika,Yeudall,lyeudallfq@arizona.edu,Female,6/25/1973
568,Mace,Mullin,mmullinfr@examiner.com,Male,4/10/2008
569,Jaime,Benedek,jbenedekfs@dot.gov,Male,1/25/2009
570,Hewitt,Prando,hprandoft@ft.com,Male,3/26/1970
571,Hyacintha,Clerc,hclercfu@bbc.co.uk,Female,4/30/2009
572,Reginald,Dawtre,rdawtrefv@webnode.com,Male,9/22/2005
573,Guntar,Duligall,gduligallfw@icio.us,Male,5/28/1980
574,Hope,Scroggs,hscroggsfx@networkadvertising.org,Female,9/9/1985
575,Sari,Micco,smiccofy@usgs.gov,Female,6/25/1978
576,Rafaelia,Mapstone,rmapstonefz@wordpress.com,Female,2/6/1985
577,Gordan,Janecki,gjaneckig0@springer.com,Male,12/21/1990
578,Beatrisa,Carse,bcarseg1@diigo.com,Female,9/25/1998
579,Sarene,Galton,sgaltong2@theglobeandmail.com,Female,12/24/2008
580,Nobe,Rendall,nrendallg3@cbslocal.com,Male,8/24/2005
581,Fifine,Trenear,ftrenearg4@free.fr,Female,2/21/2006
582,Normie,Rainbow,nrainbowg5@theglobeandmail.com,Male,2/13/1971
583,Sherie,Trowsdall,strowsdallg6@google.es,Female,5/23/1971
584,Morena,Probat,mprobatg7@europa.eu,Female,8/13/1998
585,Jeddy,Dykins,jdykinsg8@gizmodo.com,Male,9/13/1981
586,Lacey,Kinzett,lkinzettg9@wikispaces.com,Female,5/7/2006
587,Stacee,Culbard,sculbardga@nature.com,Male,1/14/2001
588,Beitris,De La Hay,bdelahaygb@patch.com,Female,2/10/1986
589,Whittaker,Schule,wschulegc@newsvine.com,Male,9/13/1983
590,Carole,Spare,csparegd@upenn.edu,Female,8/2/1967
591,Marilyn,Fearnley,mfearnleyge@shareasale.com,Female,1/24/1982
592,Rustin,Rendall,rrendallgf@merriam-webster.com,Male,2/23/1973
593,Udell,Van Dijk,uvandijkgg@cloudflare.com,Male,12/1/1968
594,Phillie,Dedenham,pdedenhamgh@unesco.org,Female,1/29/2005
595,Alvina,Gronowe,agronowegi@vk.com,Female,4/6/1992
596,Danni,Pagin,dpagingj@wordpress.com,Female,11/4/1981
597,Alex,Scarsbrick,ascarsbrickgk@businesswire.com,Male,11/2/1998
598,Corette,Happel,chappelgl@taobao.com,Female,8/27/1993
599,Oona,McCaughey,omccaugheygm@tamu.edu,Female,10/3/1974
600,Pancho,Spinelli,pspinellign@so-net.ne.jp,Male,2/28/1975
601,Taddeo,Fulbrook,tfulbrookgo@wired.com,Male,3/7/1974
602,Leoline,Rosenkrantz,lrosenkrantzgp@dell.com,Female,4/27/2009
603,Vic,Orring,vorringgq@tinyurl.com,Male,3/21/1987
604,Ben,Philippard,bphilippardgr@howstuffworks.com,Male,4/23/1991
605,Cornall,Terne,cternegs@ft.com,Male,8/26/1979
606,Ariel,Foker,afokergt@goo.ne.jp,Female,9/21/1984
607,Nessa,Tinghill,ntinghillgu@purevolume.com,Female,1/7/2003
608,Irv,Jacob,ijacobgv@pagesperso-orange.fr,Male,6/13/1994
609,Izaak,Coath,icoathgw@webeden.co.uk,Male,10/14/1984
610,Casi,Pennycuick,cpennycuickgx@usatoday.com,Female,12/20/1967
611,Valle,Pattington,vpattingtongy@spotify.com,Male,9/19/1992
612,Rhea,Lanfare,rlanfaregz@examiner.com,Female,7/15/1976
613,Vitoria,Bryns,vbrynsh0@gravatar.com,Female,5/31/1996
614,Carmela,Warrier,cwarrierh1@blogger.com,Female,2/4/1975
615,Farris,Boote,fbooteh2@ning.com,Male,6/25/1984
616,Chilton,Clyne,cclyneh3@cdbaby.com,Male,3/13/2002
617,Ulric,Stephenson,ustephensonh4@cloudflare.com,Male,5/9/1975
618,Halley,Lettington,hlettingtonh5@addtoany.com,Female,4/6/1990
619,Wendel,Kubik,wkubikh6@jigsy.com,Male,2/26/2010
620,Becky,Lob,blobh7@myspace.com,Female,3/14/1989
621,Bunnie,Guile,bguileh8@youtube.com,Female,9/8/1978
622,Storm,Bestall,sbestallh9@printfriendly.com,Female,1/29/1993
623,Franciskus,Hockey,fhockeyha@cocolog-nifty.com,Male,2/12/1984
624,Otha,Clapshaw,oclapshawhb@cocolog-nifty.com,Female,9/17/1977
625,Riane,Tavener,rtavenerhc@w3.org,Female,6/11/2003
626,Levin,Scudamore,lscudamorehd@blinklist.com,Male,7/5/1985
627,Daffy,Symones,dsymoneshe@4shared.com,Female,6/28/1991
628,Maxwell,Yitzhak,myitzhakhf@statcounter.com,Male,5/8/1990
629,Johnnie,Margery,jmargeryhg@usnews.com,Male,3/7/2010
630,Rockwell,McConville,rmcconvillehh@yolasite.com,Male,2/15/1977
631,Bettine,Insley,binsleyhi@squarespace.com,Female,7/8/1981
632,Eben,Finden,efindenhj@surveymonkey.com,Male,4/25/2009
633,Eli,Prescote,eprescotehk@harvard.edu,Male,5/31/1989
634,Ann-marie,Bedle,abedlehl@reddit.com,Female,2/6/1972
635,Hilliard,Ioan,hioanhm@surveymonkey.com,Male,5/18/1979
636,Roger,Grosvener,rgrosvenerhn@a8.net,Male,4/25/1967
637,Concordia,Yarrell,cyarrellho@businesswire.com,Female,10/29/1980
638,Tori,Underdown,tunderdownhp@parallels.com,Female,5/2/1983
639,Alyosha,Oldfield,aoldfieldhq@nydailynews.com,Male,6/11/1981
640,Richart,Larrosa,rlarrosahr@npr.org,Male,10/12/1979
641,Daron,Haily,dhailyhs@patch.com,Female,11/13/1974
642,Addy,Gullifant,agullifantht@intel.com,Male,8/20/2001
643,Vladamir,Tregale,vtregalehu@flickr.com,Male,10/10/1974
644,Erek,Milam,emilamhv@boston.com,Male,8/22/1996
645,Karlotte,Howsego,khowsegohw@thetimes.co.uk,Female,6/30/1997
646,Dorene,Sommerscales,dsommerscaleshx@yandex.ru,Female,1/8/1974
647,Mart,Sharrier,msharrierhy@liveinternet.ru,Male,8/24/2004
648,Smitty,Templar,stemplarhz@delicious.com,Male,8/27/1982
649,Lilian,MacAskie,lmacaskiei0@google.pl,Female,5/24/2009
650,Rad,Loughman,rloughmani1@slate.com,Male,8/30/1991
651,Margareta,Hurrell,mhurrelli2@bandcamp.com,Female,2/25/1970
652,Glynda,Stamper,gstamperi3@seesaa.net,Female,9/14/2004
653,Jarrid,Fawdery,jfawderyi4@whitehouse.gov,Male,7/5/2005
654,Maryanne,Blumsom,mblumsomi5@163.com,Female,2/5/1984
655,Winnie,Messier,wmessieri6@hao123.com,Male,2/13/1981
656,Catharine,Degli Antoni,cdegliantonii7@fotki.com,Female,8/6/1970
657,Raynell,Abbado,rabbadoi8@aboutads.info,Female,2/4/1987
658,Nikola,MacCafferty,nmaccaffertyi9@unicef.org,Male,7/15/1990
659,Coretta,Deevey,cdeeveyia@apache.org,Female,10/4/1975
660,Augustina,Spinke,aspinkeib@tripadvisor.com,Female,2/1/1968
661,Ottilie,Moughton,omoughtonic@apple.com,Female,4/10/1991
662,Neill,Farries,nfarriesid@artisteer.com,Male,4/20/2009
663,Karina,Felce,kfelceie@netscape.com,Female,10/19/1995
664,Ainsley,Moggach,amoggachif@who.int,Female,11/25/2002
665,Selma,Quinn,squinnig@senate.gov,Female,7/17/1992
666,Ellery,Gherardini,egherardiniih@economist.com,Male,5/4/1974
667,Ray,Cracknall,rcracknallii@51.la,Female,4/14/2000
668,Charin,Sebastian,csebastianij@google.fr,Female,11/12/1992
669,Frazier,Peasnone,fpeasnoneik@google.es,Male,7/21/1993
670,Dill,Humber,dhumberil@census.gov,Male,5/10/2001
671,Keenan,Riall,kriallim@miitbeian.gov.cn,Male,11/9/1976
672,Delmore,Provost,dprovostin@ebay.co.uk,Male,3/11/1981
673,Bride,Sailer,bsailerio@example.com,Female,11/26/1981
674,Alaric,Cunney,acunneyip@histats.com,Male,7/31/1987
675,Sauveur,Withur,swithuriq@webmd.com,Male,11/18/1978
676,Zechariah,Hubbocks,zhubbocksir@go.com,Male,6/15/1993
677,Demetri,Keneleyside,dkeneleysideis@rakuten.co.jp,Male,6/5/1990
678,Tedda,Ravenshaw,travenshawit@umich.edu,Female,11/1/2009
679,Keeley,Canon,kcanoniu@cdbaby.com,Female,2/26/1999
680,Kaia,Whimper,kwhimperiv@hud.gov,Female,3/20/1989
681,Devy,Dannehl,ddannehliw@jigsy.com,Male,7/20/1999
682,Amara,Bonus,abonusix@google.pl,Female,11/22/1995
683,Dag,Dalwood,ddalwoodiy@exblog.jp,Male,10/8/1969
684,Tiffi,Koppeck,tkoppeckiz@nasa.gov,Female,5/6/2003
685,Sanders,Branton,sbrantonj0@fema.gov,Male,3/13/2000
686,Francesco,Burnhard,fburnhardj1@wired.com,Male,7/21/2006
687,Claudina,Beeton,cbeetonj2@amazon.de,Female,5/4/1979
688,Kessiah,Swainger,kswaingerj3@blinklist.com,Female,10/18/1976
689,Modesty,Maffeo,mmaffeoj4@youku.com,Female,11/4/1973
690,Noreen,Middler,nmiddlerj5@cbc.ca,Female,8/30/1978
691,Nesta,Kitcherside,nkitchersidej6@usgs.gov,Female,6/5/2008
692,Maurise,Ninnotti,mninnottij7@w3.org,Male,8/3/2005
693,Heywood,Claringbold,hclaringboldj8@simplemachines.org,Male,3/7/1980
694,Susie,Deacock,sdeacockj9@pbs.org,Female,11/23/2009
695,Yovonnda,Silverthorn,ysilverthornja@surveymonkey.com,Female,6/16/1980
696,Lenette,Seaton,lseatonjb@domainmarket.com,Female,6/30/1984
697,Jehanna,Cullnean,jcullneanjc@usnews.com,Female,2/13/1970
698,Cecile,Di Bernardo,cdibernardojd@nih.gov,Female,9/27/1974
699,Bev,Andriesse,bandriesseje@livejournal.com,Female,10/16/1979
700,Farr,Eckly,fecklyjf@nhs.uk,Male,8/21/1990
701,Mal,Ashforth,mashforthjg@ameblo.jp,Male,4/17/1988
702,Isac,Carnelley,icarnelleyjh@icio.us,Male,6/20/2006
703,Corbin,Isbell,cisbellji@microsoft.com,Male,7/23/2000
704,Kylie,Aveyard,kaveyardjj@google.co.uk,Male,6/8/2005
705,Barrie,Dunbobbin,bdunbobbinjk@state.tx.us,Male,12/26/1973
706,Vanni,Walsh,vwalshjl@istockphoto.com,Female,12/18/1970
707,Diannne,Wedderburn,dwedderburnjm@google.ca,Female,12/21/1984
708,Agatha,Polycote,apolycotejn@shop-pro.jp,Female,4/10/1995
709,Stacie,Sorrell,ssorrelljo@nba.com,Female,11/5/2003
710,Rip,Tavner,rtavnerjp@tuttocitta.it,Male,7/29/2008
711,Alwyn,Blakiston,ablakistonjq@skype.com,Male,12/30/1998
712,Vivyanne,Schottli,vschottlijr@nba.com,Female,2/6/2005
713,Orson,Rotchell,orotchelljs@google.es,Male,1/21/1982
714,Culver,Tutin,ctutinjt@wired.com,Male,6/15/1988
715,Benson,Kohrding,bkohrdingju@senate.gov,Male,6/14/1980
716,Karin,Cattach,kcattachjv@dailymotion.com,Female,6/30/1975
717,Cookie,Karet,ckaretjw@goo.ne.jp,Female,2/27/1971
718,Jean,Somerbell,jsomerbelljx@vkontakte.ru,Male,1/3/2006
719,Christiana,McAlroy,cmcalroyjy@sourceforge.net,Female,2/2/1996
720,Lori,Fearby,lfearbyjz@cornell.edu,Female,2/23/1978
721,Melinde,Lauks,mlauksk0@discuz.net,Female,10/18/1973
722,Estell,Peschke,epeschkek1@printfriendly.com,Female,6/30/1986
723,Sheffield,Posvner,sposvnerk2@berkeley.edu,Male,1/3/1987
724,Price,Collerd,pcollerdk3@nytimes.com,Male,8/9/1994
725,Jarred,Pullan,jpullank4@alibaba.com,Male,12/16/2007
726,Giorgio,Mussared,gmussaredk5@bbb.org,Male,5/24/1969
727,Terza,MacWhan,tmacwhank6@squarespace.com,Female,8/7/2000
728,Cody,Lacotte,clacottek7@exblog.jp,Male,8/31/2005
729,Grazia,Andriesse,gandriessek8@behance.net,Female,1/4/1976
730,Cornelia,Craister,ccraisterk9@livejournal.com,Female,5/29/1969
731,Barbara-anne,Jefferson,bjeffersonka@nasa.gov,Female,3/14/2006
732,Zolly,Rubinek,zrubinekkb@uol.com.br,Male,11/17/1994
733,Edna,Bruinemann,ebruinemannkc@cisco.com,Female,11/20/1998
734,Ingamar,Hauger,ihaugerkd@admin.ch,Male,6/30/1983
735,Denver,Kennea,dkenneake@pen.io,Male,1/15/1994
736,Cherise,Goodburn,cgoodburnkf@yellowpages.com,Female,3/4/1992
737,Sanson,Whyborn,swhybornkg@wired.com,Male,1/8/1983
738,Lauraine,Cluatt,lcluattkh@51.la,Female,11/1/1996
739,Constancia,MacVicar,cmacvicarki@altervista.org,Female,12/21/1994
740,Idelle,Haslehurst,ihaslehurstkj@amazon.de,Female,3/21/1991
741,Shandeigh,Newrick,snewrickkk@weebly.com,Female,11/6/1969
742,Xerxes,Dearnly,xdearnlykl@surveymonkey.com,Male,5/18/1982
743,Perkin,Gwillim,pgwillimkm@paginegialle.it,Male,9/23/1969
744,Jacqui,Hansod,jhansodkn@google.co.jp,Female,6/3/1987
745,Michele,Peers,mpeersko@stumbleupon.com,Female,4/27/2010
746,Basilius,Etchells,betchellskp@wikispaces.com,Male,9/13/1984
747,Emmalee,Bondesen,ebondesenkq@addthis.com,Female,6/13/1990
748,Dalis,Prozescky,dprozesckykr@domainmarket.com,Male,12/19/1976
749,Toby,Schimpke,tschimpkeks@foxnews.com,Female,9/4/1997
750,Goddard,Stoneham,gstonehamkt@nbcnews.com,Male,5/23/1999
751,Veronika,Dugdale,vdugdaleku@usa.gov,Female,11/29/1971
752,Livia,Bannard,lbannardkv@fc2.com,Female,7/28/2007
753,Roshelle,Archbould,rarchbouldkw@statcounter.com,Female,3/1/1969
754,Allie,Scrine,ascrinekx@topsy.com,Female,10/16/1998
755,Ogdon,Idale,oidaleky@elpais.com,Male,1/11/1979
756,Gardie,Stubley,gstubleykz@europa.eu,Male,9/3/1967
757,Sarah,Bromehead,sbromeheadl0@topsy.com,Female,7/11/2000
758,Ursulina,Toderbrugge,utoderbruggel1@dmoz.org,Female,10/6/1988
759,Doris,MacDunleavy,dmacdunleavyl2@japanpost.jp,Female,3/20/1992
760,Boote,Drane,bdranel3@dot.gov,Male,3/10/1992
761,Luci,Eames,leamesl4@bravesites.com,Female,6/17/2008
762,Eliza,Oddie,eoddiel5@ihg.com,Female,4/3/1982
763,Nickolas,Bosse,nbossel6@shinystat.com,Male,1/19/1996
764,Jemima,Harrald,jharraldl7@wordpress.org,Female,8/28/1970
765,Ardelle,Senter,asenterl8@aboutads.info,Female,12/29/1970
766,Kevina,Fissenden,kfissendenl9@hubpages.com,Female,1/4/1996
767,Tiphani,Wilshere,twilsherela@vk.com,Female,1/7/1992
768,Rudyard,Kwietak,rkwietaklb@lycos.com,Male,3/6/1979
769,Bunny,Leney,bleneylc@google.cn,Female,9/26/1979
770,Silvain,Cowmeadow,scowmeadowld@state.tx.us,Male,7/12/1985
771,Danell,Salaman,dsalamanle@mozilla.com,Female,4/25/2006
772,Marleen,Essel,messellf@multiply.com,Female,12/2/1977
773,Edin,Haker,ehakerlg@globo.com,Female,7/25/2000
774,Eldredge,Bedinham,ebedinhamlh@linkedin.com,Male,10/11/1977
775,Forrester,Hissett,fhissettli@wordpress.com,Male,11/25/1975
776,Burch,Vahey,bvaheylj@eepurl.com,Male,4/7/2001
777,Farley,Braxay,fbraxaylk@hatena.ne.jp,Male,10/8/1970
778,Rodrigo,Daymond,rdaymondll@purevolume.com,Male,6/14/1996
779,Bambie,Hempshall,bhempshalllm@taobao.com,Female,6/22/2005
780,Reese,Kinavan,rkinavanln@yahoo.com,Male,7/28/1990
781,Elisha,Yate,eyatelo@nymag.com,Male,7/22/1976
782,Grissel,Borit,gboritlp@reference.com,Female,4/17/1992
783,Nial,Laise,nlaiselq@who.int,Male,10/10/1970
784,Lanna,Spincke,lspinckelr@house.gov,Female,6/16/2004
785,Emerson,Lichtfoth,elichtfothls@wordpress.org,Male,3/24/1982
786,Cornelius,Hinrichsen,chinrichsenlt@omniture.com,Male,8/13/1968
787,Fina,Kuhwald,fkuhwaldlu@oracle.com,Female,4/3/2010
788,Boothe,Scimonelli,bscimonellilv@ning.com,Male,11/22/1993
789,Orel,Rapsey,orapseylw@opera.com,Female,7/18/1995
790,Quentin,Krzyzanowski,qkrzyzanowskilx@dropbox.com,Male,9/11/2003
791,Flemming,Sebring,fsebringly@gravatar.com,Male,7/23/1967
792,Donella,Rangle,dranglelz@blogspot.com,Female,9/15/1992
793,Guntar,Koppens,gkoppensm0@unc.edu,Male,2/26/2006
794,Phineas,Filipczak,pfilipczakm1@com.com,Male,4/5/1991
795,Daron,Voak,dvoakm2@is.gd,Female,12/16/1995
796,Alva,Creggan,acregganm3@disqus.com,Male,1/31/1989
797,Verina,Sylett,vsylettm4@addtoany.com,Female,3/1/1970
798,Imojean,Killimister,ikillimisterm5@slideshare.net,Female,6/29/1990
799,Charlotte,Dedam,cdedamm6@freewebs.com,Female,8/27/2002
800,Michal,Witheford,mwithefordm7@wp.com,Male,10/29/1993
801,Shaine,Zanazzi,szanazzim8@ebay.co.uk,Male,1/2/2009
802,Brooke,Tompkinson,btompkinsonm9@shinystat.com,Female,7/28/1990
803,Frederigo,Hammell,fhammellma@theglobeandmail.com,Male,5/12/1975
804,Erick,Bottrill,ebottrillmb@simplemachines.org,Male,2/10/1996
805,Layla,Ohrt,lohrtmc@macromedia.com,Female,4/15/1979
806,Packston,Walbrook,pwalbrookmd@bloomberg.com,Male,3/20/1967
807,Mirelle,Murtagh,mmurtaghme@example.com,Female,2/21/2007
808,Celesta,Cadle,ccadlemf@moonfruit.com,Female,10/21/1968
809,Carmine,Dearman,cdearmanmg@drupal.org,Female,12/25/1967
810,Kasper,Bredee,kbredeemh@statcounter.com,Male,7/3/2001
811,Katti,Hartzogs,khartzogsmi@squidoo.com,Female,2/19/1977
812,Horst,Wimbush,hwimbushmj@trellian.com,Male,6/20/1967
813,Cammy,Peeter,cpeetermk@shareasale.com,Male,3/2/2001
814,Barde,Nann,bnannml@house.gov,Male,2/27/2002
815,Cate,Casely,ccaselymm@usatoday.com,Female,6/6/1998
816,Mattie,Wedderburn,mwedderburnmn@sitemeter.com,Female,8/18/1999
817,Siobhan,Charte,schartemo@ihg.com,Female,2/10/1993
818,Clio,Follos,cfollosmp@nymag.com,Female,3/30/1979
819,Estell,Ellissen,eellissenmq@furl.net,Female,6/27/1979
820,Halette,Speir,hspeirmr@google.cn,Female,5/31/1999
821,Cirstoforo,Vallantine,cvallantinems@arizona.edu,Male,12/14/2001
822,Camile,Grassick,cgrassickmt@slate.com,Female,3/30/1983
823,Isaiah,Ragate,iragatemu@mail.ru,Male,7/26/1971
824,Sasha,O'Gready,sogreadymv@github.io,Female,5/14/1978
825,Carmine,Hubball,chubballmw@vk.com,Male,11/15/1986
826,Ahmad,Tiddeman,atiddemanmx@addthis.com,Male,12/27/1974
827,Corissa,Ricket,cricketmy@cocolog-nifty.com,Female,7/26/1992
828,Kara-lynn,Scheffel,kscheffelmz@biglobe.ne.jp,Female,2/5/1967
829,Row,Bukowski,rbukowskin0@mashable.com,Female,3/11/1997
830,Jameson,Kember,jkembern1@oaic.gov.au,Male,1/5/1986
831,Marla,Courtier,mcourtiern2@newsvine.com,Female,8/1/2004
832,Sioux,Birrell,sbirrelln3@paypal.com,Female,5/25/1994
833,Jephthah,Elt,jeltn4@telegraph.co.uk,Male,3/7/1979
834,Shara,Egdal,segdaln5@springer.com,Female,11/15/1981
835,Cirilo,Blaksley,cblaksleyn6@miibeian.gov.cn,Male,10/12/1994
836,Aubert,Thorby,athorbyn7@surveymonkey.com,Male,7/11/1972
837,Gerty,Oldroyde,goldroyden8@aboutads.info,Female,4/7/1993
838,Janaya,Widdecombe,jwiddecomben9@boston.com,Female,6/4/1975
839,Gale,Kiebes,gkiebesna@is.gd,Male,12/24/1991
840,Renie,Rammell,rrammellnb@123-reg.co.uk,Female,10/22/2001
841,Frederico,O'Halloran,fohallorannc@epa.gov,Male,11/23/1995
842,Whitby,Drinkale,wdrinkalend@cbc.ca,Male,8/9/1981
843,Fitz,Kamiyama,fkamiyamane@goodreads.com,Male,12/5/1980
844,Marc,Dafydd,mdafyddnf@meetup.com,Male,11/15/1983
845,Bondie,Pounder,bpounderng@webeden.co.uk,Male,6/2/1972
846,Dallas,Gadman,dgadmannh@umich.edu,Male,10/12/2002
847,Mikael,Stemp,mstempni@accuweather.com,Male,7/22/1983
848,Stephenie,Coleby,scolebynj@issuu.com,Female,5/31/1979
849,Emmett,Chape,echapenk@nydailynews.com,Male,9/2/1975
850,Deerdre,Espinal,despinalnl@cornell.edu,Female,12/10/1999
851,Munmro,Hafford,mhaffordnm@w3.org,Male,2/17/1997
852,Hyacinth,Rault,hraultnn@digg.com,Female,1/2/1984
853,Ingeberg,Antoszczyk,iantoszczykno@ycombinator.com,Female,5/18/2002
854,Rodrick,Smedmore,rsmedmorenp@sun.com,Male,3/29/1967
855,Ozzie,Vanyatin,ovanyatinnq@so-net.ne.jp,Male,4/10/1969
856,Anna,Banbrick,abanbricknr@vk.com,Female,4/18/1981
857,Sarah,Extall,sextallns@hexun.com,Female,11/26/1981
858,Mitchael,Brea,mbreant@cbc.ca,Male,5/3/1999
859,Urson,Ajean,uajeannu@independent.co.uk,Male,5/26/2001
860,Pooh,Greasley,pgreasleynv@netscape.com,Male,10/16/1982
861,Trixy,Mulroy,tmulroynw@cloudflare.com,Female,1/19/2006
862,Vivia,Prandi,vprandinx@independent.co.uk,Female,5/19/1976
863,Matty,Elfes,melfesny@cmu.edu,Male,9/5/1983
864,Rory,Tumbridge,rtumbridgenz@engadget.com,Male,2/2/1980
865,Dorey,Boatwright,dboatwrighto0@uiuc.edu,Male,6/13/1971
866,Jefferey,Conroy,jconroyo1@symantec.com,Male,8/28/1996
867,Ole,Atteridge,oatteridgeo2@skype.com,Male,7/1/1987
868,Phedra,Paradin,pparadino3@epa.gov,Female,4/9/1970
869,Davidde,Jagiello,djagielloo4@dagondesign.com,Male,3/27/1975
870,Patty,Vizor,pvizoro5@soup.io,Male,10/15/2009
871,Lorene,Gurton,lgurtono6@geocities.com,Female,1/22/1969
872,Dalis,Pinson,dpinsono7@moonfruit.com,Male,9/22/2003
873,Ettore,Swiffin,eswiffino8@hao123.com,Male,10/13/2006
874,Katharina,Heiner,kheinero9@wikipedia.org,Female,4/23/1980
875,Brandise,Yukhnin,byukhninoa@eventbrite.com,Female,2/12/2009
876,Steffen,Janczak,sjanczakob@istockphoto.com,Male,1/8/2005
877,Ruben,Grundle,rgrundleoc@jugem.jp,Male,9/23/1969
878,Angela,Lacelett,alacelettod@theguardian.com,Female,4/18/1990
879,Amalie,Gile,agileoe@spiegel.de,Female,5/26/1993
880,Stafani,Portriss,sportrissof@uiuc.edu,Female,2/20/1998
881,Fredia,Schrinel,fschrinelog@reuters.com,Female,1/31/1977
882,Kassia,Aaronson,kaaronsonoh@fotki.com,Female,4/16/1970
883,Jenny,Gianinotti,jgianinottioi@weather.com,Female,6/14/1968
884,Anallise,Sherreard,asherreardoj@miibeian.gov.cn,Female,6/11/1994
885,Frasco,Sedgeman,fsedgemanok@themeforest.net,Male,3/26/1998
886,Ayn,Ashington,aashingtonol@list-manage.com,Female,11/30/1984
887,Valli,Bratten,vbrattenom@hatena.ne.jp,Female,10/22/1993
888,Minni,Billows,mbillowson@alibaba.com,Female,2/16/2001
889,Deina,Burrell,dburrelloo@biglobe.ne.jp,Female,9/22/1988
890,Fergus,Dengate,fdengateop@huffingtonpost.com,Male,6/20/2008
891,Elijah,Dennert,edennertoq@epa.gov,Male,3/26/1971
892,Horten,Sellar,hsellaror@shareasale.com,Male,12/15/1982
893,Salvatore,Alison,salisonos@wisc.edu,Male,1/19/1974
894,Rubina,Kippax,rkippaxot@marketwatch.com,Female,9/1/1989
895,Bjorn,Oldmeadow,boldmeadowou@360.cn,Male,12/19/2002
896,Drud,Kettles,dkettlesov@globo.com,Male,5/30/2007
897,Isidor,Wynrahame,iwynrahameow@homestead.com,Male,3/18/1971
898,Benyamin,Clopton,bcloptonox@nytimes.com,Male,9/29/1985
899,Lazare,Meier,lmeieroy@wordpress.org,Male,4/20/2007
900,Katheryn,Cockaday,kcockadayoz@over-blog.com,Female,11/28/1988
901,Torin,Girard,tgirardp0@illinois.edu,Male,9/17/1989
902,Aline,Duberry,aduberryp1@ca.gov,Female,1/4/1997
903,Brew,Monery,bmoneryp2@barnesandnoble.com,Male,1/14/1983
904,Derek,Cleaveland,dcleavelandp3@merriam-webster.com,Male,10/8/1988
905,Giustino,Dutt,gduttp4@meetup.com,Male,7/10/2000
906,Silvanus,Fumagall,sfumagallp5@ca.gov,Male,5/18/1980
907,Trueman,Hercock,thercockp6@slideshare.net,Male,10/23/1990
908,Giffard,Folke,gfolkep7@latimes.com,Male,11/24/1993
909,Dyan,Gellibrand,dgellibrandp8@quantcast.com,Female,4/28/1992
910,Port,Georger,pgeorgerp9@cafepress.com,Male,4/26/1988
911,Gage,Wyldes,gwyldespa@japanpost.jp,Male,11/8/2004
912,Con,Bartolomucci,cbartolomuccipb@t-online.de,Male,3/24/1977
913,Rabi,Prandoni,rprandonipc@yahoo.com,Male,3/12/1991
914,Maddy,Hall,mhallpd@upenn.edu,Male,11/4/1994
915,Teador,Gowenlock,tgowenlockpe@forbes.com,Male,9/12/1968
916,Margarita,Smaling,msmalingpf@ebay.co.uk,Female,12/12/2007
917,Dana,Kytter,dkytterpg@admin.ch,Female,7/3/1982
918,Darryl,O'Lehane,dolehaneph@samsung.com,Female,4/15/1985
919,Tull,Preon,tpreonpi@google.com.br,Male,4/30/1968
920,Helen,Kilfoyle,hkilfoylepj@quantcast.com,Female,1/28/1972
921,Lothaire,Screach,lscreachpk@myspace.com,Male,4/24/2004
922,Marvin,Ablett,mablettpl@si.edu,Male,5/6/1995
923,Lisette,Decaze,ldecazepm@mediafire.com,Female,2/23/1979
924,Timmie,Husband,thusbandpn@census.gov,Male,4/3/1977
925,Hedvig,Taggerty,htaggertypo@xinhuanet.com,Female,10/11/1991
926,Latia,Boni,lbonipp@wisc.edu,Female,12/21/1992
927,Pet,Bauldrey,pbauldreypq@tinypic.com,Female,10/18/1971
928,Loraine,Rogeon,lrogeonpr@nba.com,Female,1/28/1994
929,Nero,Ruckhard,nruckhardps@exblog.jp,Male,4/6/1972
930,Windham,Vassay,wvassaypt@sogou.com,Male,7/11/1991
931,Claudianus,Hamp,champpu@seattletimes.com,Male,8/23/1983
932,Giacopo,Murby,gmurbypv@yahoo.co.jp,Male,7/26/1991
933,Merci,De Banke,mdebankepw@ameblo.jp,Female,2/22/2006
934,Curt,Leffek,cleffekpx@creativecommons.org,Male,5/9/1984
935,Rosalyn,Loy,rloypy@dailymotion.com,Female,8/30/1982
936,Karalee,Lympenie,klympeniepz@list-manage.com,Female,11/4/1994
937,Valentino,Sleeny,vsleenyq0@hao123.com,Male,4/18/2006
938,Wernher,Gowdie,wgowdieq1@gmpg.org,Male,7/20/1983
939,Klement,Ivanenkov,kivanenkovq2@yahoo.co.jp,Male,12/17/1983
940,Wendell,Ould,wouldq3@goo.ne.jp,Male,11/14/1988
941,Fremont,Delete,fdeleteq4@economist.com,Male,8/11/1976
942,Temple,Menpes,tmenpesq5@cargocollective.com,Male,11/27/2009
943,Roana,Sirman,rsirmanq6@baidu.com,Female,3/28/1989
944,Ellynn,Duligal,eduligalq7@bigcartel.com,Female,3/9/1990
945,Suzanna,Waldren,swaldrenq8@blogger.com,Female,7/7/1985
946,Nettle,Marchington,nmarchingtonq9@ycombinator.com,Female,4/29/1995
947,Elwin,Pioch,epiochqa@princeton.edu,Male,8/26/1975
948,Riki,Mosedill,rmosedillqb@t.co,Female,7/27/1969
949,Law,Horley,lhorleyqc@1688.com,Male,3/31/1992
950,Jeanna,Bisco,jbiscoqd@baidu.com,Female,3/1/1974
951,Elnora,Smallcomb,esmallcombqe@trellian.com,Female,2/6/1991
952,Arleta,Curling,acurlingqf@addtoany.com,Female,7/17/1997
953,Seth,Brownhill,sbrownhillqg@wordpress.com,Male,7/2/1983
954,Dougy,Beggio,dbeggioqh@bbb.org,Male,4/3/1984
955,Bria,Robberecht,brobberechtqi@ustream.tv,Female,7/1/1987
956,Edgar,Rainsbury,erainsburyqj@businessinsider.com,Male,12/2/1987
957,Allene,Olivey,aoliveyqk@hubpages.com,Female,8/7/2001
958,Xymenes,Seccombe,xseccombeql@forbes.com,Male,8/6/1967
959,Moss,Luttger,mluttgerqm@who.int,Male,1/4/1992
960,Torie,Kenright,tkenrightqn@parallels.com,Female,6/5/1990
961,Tucky,Hamor,thamorqo@infoseek.co.jp,Male,3/10/2008
962,Jodie,Braine,jbraineqp@cnn.com,Female,10/9/1995
963,Karrah,Matschke,kmatschkeqq@usgs.gov,Female,6/18/1978
964,Joanne,Boyes,jboyesqr@cnbc.com,Female,9/28/1978
965,Aeriela,Vincent,avincentqs@census.gov,Female,3/22/2001
966,Shaylah,Dwyr,sdwyrqt@xing.com,Female,8/24/2009
967,Othella,Rappport,orappportqu@reverbnation.com,Female,9/20/1970
968,Hansiain,Tift,htiftqv@businesswire.com,Male,6/25/2010
969,Torin,Allbon,tallbonqw@trellian.com,Male,4/12/2007
970,Maryjane,Wittrington,mwittringtonqx@posterous.com,Female,10/4/1972
971,Denny,Mewett,dmewettqy@newyorker.com,Male,3/8/1998
972,Guido,Maes,gmaesqz@ted.com,Male,8/30/1973
973,Cyrill,Klimshuk,cklimshukr0@bizjournals.com,Male,9/24/2010
974,Kurtis,Bunyard,kbunyardr1@theatlantic.com,Male,10/4/1988
975,Aurea,Pelham,apelhamr2@sogou.com,Female,1/24/1982
976,Ben,Colman,bcolmanr3@php.net,Male,9/27/2003
977,Verina,Kingaby,vkingabyr4@who.int,Female,9/30/1990
978,Brand,Titherington,btitheringtonr5@wix.com,Male,2/19/1970
979,Winifred,Leader,wleaderr6@cafepress.com,Female,8/8/1980
980,Ignatius,Elington,ielingtonr7@trellian.com,Male,2/5/1975
981,Dominick,Latch,dlatchr8@fastcompany.com,Male,6/30/2003
982,Jeniffer,Wharlton,jwharltonr9@ca.gov,Female,5/23/1994
983,Taryn,Delamaine,tdelamainera@nytimes.com,Female,12/16/1997
984,Caril,Denisovo,cdenisovorb@nifty.com,Female,10/9/2005
985,Ariana,Gorges,agorgesrc@samsung.com,Female,3/11/2004
986,Gunar,Drugan,gdruganrd@clickbank.net,Male,1/11/1972
987,Valentijn,Duffill,vduffillre@cloudflare.com,Male,12/25/1993
988,Adriena,Pothbury,apothburyrf@archive.org,Female,5/27/1984
989,Joan,Cockshoot,jcockshootrg@merriam-webster.com,Female,5/28/1977
990,Constancia,Durtnel,cdurtnelrh@illinois.edu,Female,1/28/1986
991,Rebekkah,Fader,rfaderri@hostgator.com,Female,6/12/1999
992,Gerhardine,Esser,gesserrj@digg.com,Female,4/12/1973
993,Robbert,Tamas,rtamasrk@opensource.org,Male,2/25/1978
994,Bondy,Henze,bhenzerl@reddit.com,Male,11/21/1970
995,Cam,Berthouloume,cberthouloumerm@berkeley.edu,Female,11/19/1990
996,Everard,Mackro,emackrorn@discovery.com,Male,2/24/1998
997,Dominga,Sarton,dsartonro@oaic.gov.au,Female,11/13/1976
998,Kelsey,Gregoli,kgregolirp@princeton.edu,Male,9/2/1989
999,Ashien,Gaythwaite,agaythwaiterq@ifeng.com,Female,3/24/1992
1000,Ruddy,Noyce,rnoycerr@berkeley.edu,Male,9/29/2010
